?to	?label	?directP	?directPLabel	?topCat	?tcLabel
<http://purl.obolibrary.org/obo/TO_0000013>	"resistance to disease by mycoplasma-like organism"	<http://purl.obolibrary.org/obo/TO_0000112>	"disease resistance"	<http://purl.obolibrary.org/obo/TO_0000164>	"stress trait"
<http://purl.obolibrary.org/obo/TO_0000013>	"resistance to disease by mycoplasma-like organism"	<http://purl.obolibrary.org/obo/TO_0000242>	"microbial damage resistance"	<http://purl.obolibrary.org/obo/TO_0000164>	"stress trait"
<http://purl.obolibrary.org/obo/TO_0000015>	"oxygen sensitivity"	<http://purl.obolibrary.org/obo/TO_0000252>	"non-mineral nutrient sensitivity"	<http://purl.obolibrary.org/obo/TO_0000164>	"stress trait"
<http://purl.obolibrary.org/obo/TO_0000015>	"oxygen sensitivity"	<http://purl.obolibrary.org/obo/TO_0002657>	"oxidative stress"	<http://purl.obolibrary.org/obo/TO_0000164>	"stress trait"
<http://purl.obolibrary.org/obo/TO_0000036>	"hybrid incompatibility"	<http://purl.obolibrary.org/obo/TO_0000035>	"incompatibility trait"	<http://purl.obolibrary.org/obo/TO_0000392>	"sterility or fertility trait"
<http://purl.obolibrary.org/obo/TO_0000036>	"hybrid incompatibility"	<http://purl.obolibrary.org/obo/TO_0000371>	"yield trait"	<http://purl.obolibrary.org/obo/TO_0000371>	"yield trait"
<http://purl.obolibrary.org/obo/TO_0000050>	"inflorescence branching"	<http://purl.obolibrary.org/obo/TO_0000373>	"inflorescence morphology trait"	<http://purl.obolibrary.org/obo/TO_0000017>	"plant morphology trait"
<http://purl.obolibrary.org/obo/TO_0000050>	"inflorescence branching"	<http://purl.obolibrary.org/obo/TO_0000621>	"inflorescence development trait"	<http://purl.obolibrary.org/obo/TO_0000357>	"plant growth and development trait"
<http://purl.obolibrary.org/obo/TO_0000051>	"stem strength"	<http://purl.obolibrary.org/obo/TO_0000361>	"stem morphology trait"	<http://purl.obolibrary.org/obo/TO_0000017>	"plant morphology trait"
<http://purl.obolibrary.org/obo/TO_0000051>	"stem strength"	<http://purl.obolibrary.org/obo/TO_0000597>	"quality trait"	<http://purl.obolibrary.org/obo/TO_0000597>	"quality trait"
<http://purl.obolibrary.org/obo/TO_0000070>	"variegated leaf necrosis"	<http://purl.obolibrary.org/obo/TO_0000069>	"variegated leaf"	<http://purl.obolibrary.org/obo/TO_0000017>	"plant morphology trait"
<http://purl.obolibrary.org/obo/TO_0000070>	"variegated leaf necrosis"	<http://purl.obolibrary.org/obo/TO_0000652>	"leaf necrosis"	<http://purl.obolibrary.org/obo/TO_0000017>	"plant morphology trait"
<http://purl.obolibrary.org/obo/TO_0000071>	"anthocyanin content"	<http://purl.obolibrary.org/obo/TO_0000290>	"flavonoid content"	<http://purl.obolibrary.org/obo/TO_0000277>	"biochemical trait"
<http://purl.obolibrary.org/obo/TO_0000071>	"anthocyanin content"	<http://purl.obolibrary.org/obo/TO_0000494>	"pigment content"	<http://purl.obolibrary.org/obo/TO_0000017>	"plant morphology trait"
<http://purl.obolibrary.org/obo/TO_0000087>	"aroma"	<http://purl.obolibrary.org/obo/TO_0000488>	"seed composition quality trait"	<http://purl.obolibrary.org/obo/TO_0000597>	"quality trait"
<http://purl.obolibrary.org/obo/TO_0000087>	"aroma"	<http://purl.obolibrary.org/obo/TO_0002694>	"fruit flavor trait"	<http://purl.obolibrary.org/obo/TO_0000597>	"quality trait"
<http://purl.obolibrary.org/obo/TO_0000096>	"ratooning ability"	<http://purl.obolibrary.org/obo/TO_0000250>	"vigor related trait"	<http://purl.obolibrary.org/obo/TO_0000133>	"stature or vigor trait"
<http://purl.obolibrary.org/obo/TO_0000096>	"ratooning ability"	<http://purl.obolibrary.org/obo/TO_0000371>	"yield trait"	<http://purl.obolibrary.org/obo/TO_0000371>	"yield trait"
<http://purl.obolibrary.org/obo/TO_0000096>	"ratooning ability"	<http://purl.obolibrary.org/obo/TO_0000654>	"shoot system growth and development trait"	<http://purl.obolibrary.org/obo/TO_0000357>	"plant growth and development trait"
<http://purl.obolibrary.org/obo/TO_0000097>	"amylopectin content"	<http://purl.obolibrary.org/obo/TO_0000489>	"carbohydrate composition related trait"	<http://purl.obolibrary.org/obo/TO_0000597>	"quality trait"
<http://purl.obolibrary.org/obo/TO_0000097>	"amylopectin content"	<http://purl.obolibrary.org/obo/TO_0000667>	"cooking or brewing quality"	<http://purl.obolibrary.org/obo/TO_0000597>	"quality trait"
<http://purl.obolibrary.org/obo/TO_0000097>	"amylopectin content"	<http://purl.obolibrary.org/obo/TO_0006007>	"polysaccharide content"	<http://purl.obolibrary.org/obo/TO_0000277>	"biochemical trait"
<http://purl.obolibrary.org/obo/TO_0000098>	"glutinous endosperm"	<http://purl.obolibrary.org/obo/TO_0000575>	"endosperm morphology trait"	<http://purl.obolibrary.org/obo/TO_0000017>	"plant morphology trait"
<http://purl.obolibrary.org/obo/TO_0000098>	"glutinous endosperm"	<http://purl.obolibrary.org/obo/TO_0000587>	"endosperm quality"	<http://purl.obolibrary.org/obo/TO_0000597>	"quality trait"
<http://purl.obolibrary.org/obo/TO_0000099>	"sugary endosperm"	<http://purl.obolibrary.org/obo/TO_0000575>	"endosperm morphology trait"	<http://purl.obolibrary.org/obo/TO_0000017>	"plant morphology trait"
<http://purl.obolibrary.org/obo/TO_0000099>	"sugary endosperm"	<http://purl.obolibrary.org/obo/TO_0000587>	"endosperm quality"	<http://purl.obolibrary.org/obo/TO_0000597>	"quality trait"
<http://purl.obolibrary.org/obo/TO_0000100>	"shrunken endosperm"	<http://purl.obolibrary.org/obo/TO_0000575>	"endosperm morphology trait"	<http://purl.obolibrary.org/obo/TO_0000017>	"plant morphology trait"
<http://purl.obolibrary.org/obo/TO_0000100>	"shrunken endosperm"	<http://purl.obolibrary.org/obo/TO_0000587>	"endosperm quality"	<http://purl.obolibrary.org/obo/TO_0000597>	"quality trait"
<http://purl.obolibrary.org/obo/TO_0000104>	"floury endosperm"	<http://purl.obolibrary.org/obo/TO_0000575>	"endosperm morphology trait"	<http://purl.obolibrary.org/obo/TO_0000017>	"plant morphology trait"
<http://purl.obolibrary.org/obo/TO_0000104>	"floury endosperm"	<http://purl.obolibrary.org/obo/TO_0000587>	"endosperm quality"	<http://purl.obolibrary.org/obo/TO_0000597>	"quality trait"
<http://purl.obolibrary.org/obo/TO_0000105>	"dull endosperm"	<http://purl.obolibrary.org/obo/TO_0000575>	"endosperm morphology trait"	<http://purl.obolibrary.org/obo/TO_0000017>	"plant morphology trait"
<http://purl.obolibrary.org/obo/TO_0000105>	"dull endosperm"	<http://purl.obolibrary.org/obo/TO_0000587>	"endosperm quality"	<http://purl.obolibrary.org/obo/TO_0000597>	"quality trait"
<http://purl.obolibrary.org/obo/TO_0000110>	"wild abortive CMS"	<http://purl.obolibrary.org/obo/TO_0000060>	"aborted uni-nucleate stage"	<http://purl.obolibrary.org/obo/TO_0000392>	"sterility or fertility trait"
<http://purl.obolibrary.org/obo/TO_0000110>	"wild abortive CMS"	<http://purl.obolibrary.org/obo/TO_0000232>	"rice cytoplasmic male sterility"	<http://purl.obolibrary.org/obo/TO_0000392>	"sterility or fertility trait"
<http://purl.obolibrary.org/obo/TO_0000113>	"giant embryo"	<http://purl.obolibrary.org/obo/TO_0000193>	"embryo shape"	<http://purl.obolibrary.org/obo/TO_0000017>	"plant morphology trait"
<http://purl.obolibrary.org/obo/TO_0000113>	"giant embryo"	<http://purl.obolibrary.org/obo/TO_1000012>	"whole plant size"	<http://purl.obolibrary.org/obo/TO_0000017>	"plant morphology trait"
<http://purl.obolibrary.org/obo/TO_0000122>	"percent root mass density 0-15"	<http://purl.obolibrary.org/obo/TO_0000116>	"root mass density 0-15"	<http://purl.obolibrary.org/obo/TO_0000017>	"plant morphology trait"
<http://purl.obolibrary.org/obo/TO_0000122>	"percent root mass density 0-15"	<http://purl.obolibrary.org/obo/TO_0000120>	"percent root mass density"	<http://purl.obolibrary.org/obo/TO_0000017>	"plant morphology trait"
<http://purl.obolibrary.org/obo/TO_0000123>	"percent root mass density 15-30"	<http://purl.obolibrary.org/obo/TO_0000118>	"root mass density 15-30"	<http://purl.obolibrary.org/obo/TO_0000017>	"plant morphology trait"
<http://purl.obolibrary.org/obo/TO_0000123>	"percent root mass density 15-30"	<http://purl.obolibrary.org/obo/TO_0000120>	"percent root mass density"	<http://purl.obolibrary.org/obo/TO_0000017>	"plant morphology trait"
<http://purl.obolibrary.org/obo/TO_0000125>	"percent root mass density 30-45"	<http://purl.obolibrary.org/obo/TO_0000119>	"root mass density 30-45"	<http://purl.obolibrary.org/obo/TO_0000017>	"plant morphology trait"
<http://purl.obolibrary.org/obo/TO_0000125>	"percent root mass density 30-45"	<http://purl.obolibrary.org/obo/TO_0000120>	"percent root mass density"	<http://purl.obolibrary.org/obo/TO_0000017>	"plant morphology trait"
<http://purl.obolibrary.org/obo/TO_0000138>	"brown rice protein"	<http://purl.obolibrary.org/obo/TO_0000598>	"protein content"	<http://purl.obolibrary.org/obo/TO_0000277>	"biochemical trait"
<http://purl.obolibrary.org/obo/TO_0000138>	"brown rice protein"	<http://purl.obolibrary.org/obo/TO_0002728>	"fruit quality trait"	<http://purl.obolibrary.org/obo/TO_0000597>	"quality trait"
<http://purl.obolibrary.org/obo/TO_0000148>	"viral disease resistance"	<http://purl.obolibrary.org/obo/TO_0000112>	"disease resistance"	<http://purl.obolibrary.org/obo/TO_0000164>	"stress trait"
<http://purl.obolibrary.org/obo/TO_0000148>	"viral disease resistance"	<http://purl.obolibrary.org/obo/TO_0000242>	"microbial damage resistance"	<http://purl.obolibrary.org/obo/TO_0000164>	"stress trait"
<http://purl.obolibrary.org/obo/TO_0000169>	"chinsurah boro CMS"	<http://purl.obolibrary.org/obo/TO_0000026>	"aborted tri-nucleate stage"	<http://purl.obolibrary.org/obo/TO_0000392>	"sterility or fertility trait"
<http://purl.obolibrary.org/obo/TO_0000169>	"chinsurah boro CMS"	<http://purl.obolibrary.org/obo/TO_0000232>	"rice cytoplasmic male sterility"	<http://purl.obolibrary.org/obo/TO_0000392>	"sterility or fertility trait"
<http://purl.obolibrary.org/obo/TO_0000189>	"embryoless"	<http://purl.obolibrary.org/obo/TO_0000064>	"plant embryo morphology trait"	<http://purl.obolibrary.org/obo/TO_0000017>	"plant morphology trait"
<http://purl.obolibrary.org/obo/TO_0000189>	"embryoless"	<http://purl.obolibrary.org/obo/TO_0000620>	"plant embryo development trait"	<http://purl.obolibrary.org/obo/TO_0000357>	"plant growth and development trait"
<http://purl.obolibrary.org/obo/TO_0000195>	"shootless embryo"	<http://purl.obolibrary.org/obo/TO_0000064>	"plant embryo morphology trait"	<http://purl.obolibrary.org/obo/TO_0000017>	"plant morphology trait"
<http://purl.obolibrary.org/obo/TO_0000195>	"shootless embryo"	<http://purl.obolibrary.org/obo/TO_0000620>	"plant embryo development trait"	<http://purl.obolibrary.org/obo/TO_0000357>	"plant growth and development trait"
<http://purl.obolibrary.org/obo/TO_0000195>	"shootless embryo"	<http://purl.obolibrary.org/obo/TO_0000739>	"shoot axis morphology trait"	<http://purl.obolibrary.org/obo/TO_0000017>	"plant morphology trait"
<http://purl.obolibrary.org/obo/TO_0000198>	"rootless"	<http://purl.obolibrary.org/obo/TO_0000043>	"root morphology trait"	<http://purl.obolibrary.org/obo/TO_0000017>	"plant morphology trait"
<http://purl.obolibrary.org/obo/TO_0000198>	"rootless"	<http://purl.obolibrary.org/obo/TO_0000656>	"root development trait"	<http://purl.obolibrary.org/obo/TO_0000357>	"plant growth and development trait"
<http://purl.obolibrary.org/obo/TO_0000202>	"germination ratio"	<http://purl.obolibrary.org/obo/TO_0000250>	"vigor related trait"	<http://purl.obolibrary.org/obo/TO_0000133>	"stature or vigor trait"
<http://purl.obolibrary.org/obo/TO_0000202>	"germination ratio"	<http://purl.obolibrary.org/obo/TO_0000345>	"seed viability"	<http://purl.obolibrary.org/obo/TO_0000597>	"quality trait"
<http://purl.obolibrary.org/obo/TO_0000211>	"gel consistency"	<http://purl.obolibrary.org/obo/TO_0000489>	"carbohydrate composition related trait"	<http://purl.obolibrary.org/obo/TO_0000597>	"quality trait"
<http://purl.obolibrary.org/obo/TO_0000211>	"gel consistency"	<http://purl.obolibrary.org/obo/TO_0000667>	"cooking or brewing quality"	<http://purl.obolibrary.org/obo/TO_0000597>	"quality trait"
<http://purl.obolibrary.org/obo/TO_0000226>	"auricleless"	<http://purl.obolibrary.org/obo/TO_0000655>	"leaf growth and development trait"	<http://purl.obolibrary.org/obo/TO_0000357>	"plant growth and development trait"
<http://purl.obolibrary.org/obo/TO_0000226>	"auricleless"	<http://purl.obolibrary.org/obo/TO_0002717>	"leaf sheath auricle morphology trait"	<http://purl.obolibrary.org/obo/TO_0000017>	"plant morphology trait"
<http://purl.obolibrary.org/obo/TO_0000230>	"crown rootless"	<http://purl.obolibrary.org/obo/TO_0000198>	"rootless"	<http://purl.obolibrary.org/obo/TO_0000357>	"plant growth and development trait"
<http://purl.obolibrary.org/obo/TO_0000230>	"crown rootless"	<http://purl.obolibrary.org/obo/TO_0000198>	"rootless"	<http://purl.obolibrary.org/obo/TO_0000017>	"plant morphology trait"
<http://purl.obolibrary.org/obo/TO_0000230>	"crown rootless"	<http://purl.obolibrary.org/obo/TO_0002685>	"crown root number"	<http://purl.obolibrary.org/obo/TO_0000017>	"plant morphology trait"
<http://purl.obolibrary.org/obo/TO_0000231>	"endospermless"	<http://purl.obolibrary.org/obo/TO_0000575>	"endosperm morphology trait"	<http://purl.obolibrary.org/obo/TO_0000017>	"plant morphology trait"
<http://purl.obolibrary.org/obo/TO_0000231>	"endospermless"	<http://purl.obolibrary.org/obo/TO_0000587>	"endosperm quality"	<http://purl.obolibrary.org/obo/TO_0000597>	"quality trait"
<http://purl.obolibrary.org/obo/TO_0000253>	"seed dormancy"	<http://purl.obolibrary.org/obo/TO_0000166>	"gibberellic acid sensitivity"	<http://purl.obolibrary.org/obo/TO_0000164>	"stress trait"
<http://purl.obolibrary.org/obo/TO_0000253>	"seed dormancy"	<http://purl.obolibrary.org/obo/TO_0000345>	"seed viability"	<http://purl.obolibrary.org/obo/TO_0000597>	"quality trait"
<http://purl.obolibrary.org/obo/TO_0000253>	"seed dormancy"	<http://purl.obolibrary.org/obo/TO_0000615>	"abscisic acid sensitivity"	<http://purl.obolibrary.org/obo/TO_0000164>	"stress trait"
<http://purl.obolibrary.org/obo/TO_0000266>	"chalky endosperm"	<http://purl.obolibrary.org/obo/TO_0000489>	"carbohydrate composition related trait"	<http://purl.obolibrary.org/obo/TO_0000597>	"quality trait"
<http://purl.obolibrary.org/obo/TO_0000266>	"chalky endosperm"	<http://purl.obolibrary.org/obo/TO_0000575>	"endosperm morphology trait"	<http://purl.obolibrary.org/obo/TO_0000017>	"plant morphology trait"
<http://purl.obolibrary.org/obo/TO_0000266>	"chalky endosperm"	<http://purl.obolibrary.org/obo/TO_0000587>	"endosperm quality"	<http://purl.obolibrary.org/obo/TO_0000597>	"quality trait"
<http://purl.obolibrary.org/obo/TO_0000297>	"glucosamine content"	<http://purl.obolibrary.org/obo/TO_0006003>	"oligosaccharide content"	<http://purl.obolibrary.org/obo/TO_0000277>	"biochemical trait"
<http://purl.obolibrary.org/obo/TO_0000297>	"glucosamine content"	<http://purl.obolibrary.org/obo/TO_0006008>	"carbohydrate derivative content"	<http://purl.obolibrary.org/obo/TO_0000277>	"biochemical trait"
<http://purl.obolibrary.org/obo/TO_0000308>	"male fertility restoration trait"	<http://purl.obolibrary.org/obo/TO_0000371>	"yield trait"	<http://purl.obolibrary.org/obo/TO_0000371>	"yield trait"
<http://purl.obolibrary.org/obo/TO_0000308>	"male fertility restoration trait"	<http://purl.obolibrary.org/obo/TO_0000497>	"fertility restoration trait"	<http://purl.obolibrary.org/obo/TO_0000392>	"sterility or fertility trait"
<http://purl.obolibrary.org/obo/TO_0000315>	"bacterial disease resistance"	<http://purl.obolibrary.org/obo/TO_0000112>	"disease resistance"	<http://purl.obolibrary.org/obo/TO_0000164>	"stress trait"
<http://purl.obolibrary.org/obo/TO_0000315>	"bacterial disease resistance"	<http://purl.obolibrary.org/obo/TO_0000242>	"microbial damage resistance"	<http://purl.obolibrary.org/obo/TO_0000164>	"stress trait"
<http://purl.obolibrary.org/obo/TO_0000320>	"rubisco to chlorophyll ratio"	<http://purl.obolibrary.org/obo/TO_0000298>	"chlorophyll ratio"	<http://purl.obolibrary.org/obo/TO_0000277>	"biochemical trait"
<http://purl.obolibrary.org/obo/TO_0000320>	"rubisco to chlorophyll ratio"	<http://purl.obolibrary.org/obo/TO_0000319>	"rubisco content"	<http://purl.obolibrary.org/obo/TO_0000277>	"biochemical trait"
<http://purl.obolibrary.org/obo/TO_0000329>	"tillering ability"	<http://purl.obolibrary.org/obo/TO_0000371>	"yield trait"	<http://purl.obolibrary.org/obo/TO_0000371>	"yield trait"
<http://purl.obolibrary.org/obo/TO_0000329>	"tillering ability"	<http://purl.obolibrary.org/obo/TO_0000654>	"shoot system growth and development trait"	<http://purl.obolibrary.org/obo/TO_0000357>	"plant growth and development trait"
<http://purl.obolibrary.org/obo/TO_0000350>	"cms-hl type"	<http://purl.obolibrary.org/obo/TO_0000232>	"rice cytoplasmic male sterility"	<http://purl.obolibrary.org/obo/TO_0000392>	"sterility or fertility trait"
<http://purl.obolibrary.org/obo/TO_0000350>	"cms-hl type"	<http://purl.obolibrary.org/obo/TO_0000415>	"aborted bi-nucleate stage"	<http://purl.obolibrary.org/obo/TO_0000392>	"sterility or fertility trait"
<http://purl.obolibrary.org/obo/TO_0000355>	"heterosis"	<http://purl.obolibrary.org/obo/TO_0000250>	"vigor related trait"	<http://purl.obolibrary.org/obo/TO_0000133>	"stature or vigor trait"
<http://purl.obolibrary.org/obo/TO_0000355>	"heterosis"	<http://purl.obolibrary.org/obo/TO_0000371>	"yield trait"	<http://purl.obolibrary.org/obo/TO_0000371>	"yield trait"
<http://purl.obolibrary.org/obo/TO_0000373>	"inflorescence morphology trait"	<http://purl.obolibrary.org/obo/TO_0000373>	"inflorescence morphology trait"	<http://purl.obolibrary.org/obo/TO_0000017>	"plant morphology trait"
<http://purl.obolibrary.org/obo/TO_0000373>	"inflorescence morphology trait"	<http://purl.obolibrary.org/obo/TO_0000786>	"reproductive shoot system morphology trait"	<http://purl.obolibrary.org/obo/TO_0000017>	"plant morphology trait"
<http://purl.obolibrary.org/obo/TO_0000404>	"nodal rooting"	<http://purl.obolibrary.org/obo/TO_0000361>	"stem morphology trait"	<http://purl.obolibrary.org/obo/TO_0000017>	"plant morphology trait"
<http://purl.obolibrary.org/obo/TO_0000404>	"nodal rooting"	<http://purl.obolibrary.org/obo/TO_0000656>	"root development trait"	<http://purl.obolibrary.org/obo/TO_0000357>	"plant growth and development trait"
<http://purl.obolibrary.org/obo/TO_0000410>	"polished rice protein content"	<http://purl.obolibrary.org/obo/TO_0000490>	"seed protein composition trait"	<http://purl.obolibrary.org/obo/TO_0000597>	"quality trait"
<http://purl.obolibrary.org/obo/TO_0000410>	"polished rice protein content"	<http://purl.obolibrary.org/obo/TO_0000598>	"protein content"	<http://purl.obolibrary.org/obo/TO_0000277>	"biochemical trait"
<http://purl.obolibrary.org/obo/TO_0000414>	"white rice protein content"	<http://purl.obolibrary.org/obo/TO_0000490>	"seed protein composition trait"	<http://purl.obolibrary.org/obo/TO_0000597>	"quality trait"
<http://purl.obolibrary.org/obo/TO_0000414>	"white rice protein content"	<http://purl.obolibrary.org/obo/TO_0000598>	"protein content"	<http://purl.obolibrary.org/obo/TO_0000277>	"biochemical trait"
<http://purl.obolibrary.org/obo/TO_0000451>	"large vascular bundle number to spikelet number ratio"	<http://purl.obolibrary.org/obo/TO_0000456>	"spikelet number"	<http://purl.obolibrary.org/obo/TO_0000017>	"plant morphology trait"
<http://purl.obolibrary.org/obo/TO_0000451>	"large vascular bundle number to spikelet number ratio"	<http://purl.obolibrary.org/obo/TO_0000472>	"vascular bundle number"	<http://purl.obolibrary.org/obo/TO_0000357>	"plant growth and development trait"
<http://purl.obolibrary.org/obo/TO_0000451>	"large vascular bundle number to spikelet number ratio"	<http://purl.obolibrary.org/obo/TO_0000472>	"vascular bundle number"	<http://purl.obolibrary.org/obo/TO_0000017>	"plant morphology trait"
<http://purl.obolibrary.org/obo/TO_0000459>	"root epidermis cell length"	<http://purl.obolibrary.org/obo/TO_0000043>	"root morphology trait"	<http://purl.obolibrary.org/obo/TO_0000017>	"plant morphology trait"
<http://purl.obolibrary.org/obo/TO_0000459>	"root epidermis cell length"	<http://purl.obolibrary.org/obo/TO_0020107>	"plant cell length"	<http://purl.obolibrary.org/obo/TO_0000017>	"plant morphology trait"
<http://purl.obolibrary.org/obo/TO_0000462>	"gelatinization temperature"	<http://purl.obolibrary.org/obo/TO_0000489>	"carbohydrate composition related trait"	<http://purl.obolibrary.org/obo/TO_0000597>	"quality trait"
<http://purl.obolibrary.org/obo/TO_0000462>	"gelatinization temperature"	<http://purl.obolibrary.org/obo/TO_0000667>	"cooking or brewing quality"	<http://purl.obolibrary.org/obo/TO_0000597>	"quality trait"
<http://purl.obolibrary.org/obo/TO_0000483>	"germinability at low temperature"	<http://purl.obolibrary.org/obo/TO_0000653>	"seed growth and development trait"	<http://purl.obolibrary.org/obo/TO_0000357>	"plant growth and development trait"
<http://purl.obolibrary.org/obo/TO_0000483>	"germinability at low temperature"	<http://purl.obolibrary.org/obo/TO_0000931>	"seed quality trait"	<http://purl.obolibrary.org/obo/TO_0000597>	"quality trait"
<http://purl.obolibrary.org/obo/TO_0000496>	"carotenoid content"	<http://purl.obolibrary.org/obo/TO_0000494>	"pigment content"	<http://purl.obolibrary.org/obo/TO_0000017>	"plant morphology trait"
<http://purl.obolibrary.org/obo/TO_0000496>	"carotenoid content"	<http://purl.obolibrary.org/obo/TO_0000674>	"phytochemical compound content"	<http://purl.obolibrary.org/obo/TO_0000277>	"biochemical trait"
<http://purl.obolibrary.org/obo/TO_0000517>	"relative shoot elongation under submergence"	<http://purl.obolibrary.org/obo/TO_0000114>	"flooding related trait"	<http://purl.obolibrary.org/obo/TO_0000164>	"stress trait"
<http://purl.obolibrary.org/obo/TO_0000517>	"relative shoot elongation under submergence"	<http://purl.obolibrary.org/obo/TO_0000739>	"shoot axis morphology trait"	<http://purl.obolibrary.org/obo/TO_0000017>	"plant morphology trait"
<http://purl.obolibrary.org/obo/TO_0000582>	"inflorescence number"	<http://purl.obolibrary.org/obo/TO_0000373>	"inflorescence morphology trait"	<http://purl.obolibrary.org/obo/TO_0000017>	"plant morphology trait"
<http://purl.obolibrary.org/obo/TO_0000582>	"inflorescence number"	<http://purl.obolibrary.org/obo/TO_0000621>	"inflorescence development trait"	<http://purl.obolibrary.org/obo/TO_0000357>	"plant growth and development trait"
<http://purl.obolibrary.org/obo/TO_0000602>	"total fat content"	<http://purl.obolibrary.org/obo/TO_0000491>	"fat and essential oil composition related trait"	<http://purl.obolibrary.org/obo/TO_0000597>	"quality trait"
<http://purl.obolibrary.org/obo/TO_0000602>	"total fat content"	<http://purl.obolibrary.org/obo/TO_0000604>	"fat and essential oil content"	<http://purl.obolibrary.org/obo/TO_0000277>	"biochemical trait"
<http://purl.obolibrary.org/obo/TO_0000605>	"hydrogen peroxide content"	<http://purl.obolibrary.org/obo/TO_0000281>	"metabolite content trait"	<http://purl.obolibrary.org/obo/TO_0000277>	"biochemical trait"
<http://purl.obolibrary.org/obo/TO_0000605>	"hydrogen peroxide content"	<http://purl.obolibrary.org/obo/TO_0002657>	"oxidative stress"	<http://purl.obolibrary.org/obo/TO_0000164>	"stress trait"
<http://purl.obolibrary.org/obo/TO_0000610>	"soluble to total protein ratio"	<http://purl.obolibrary.org/obo/TO_0000325>	"soluble protein content"	<http://purl.obolibrary.org/obo/TO_0000277>	"biochemical trait"
<http://purl.obolibrary.org/obo/TO_0000610>	"soluble to total protein ratio"	<http://purl.obolibrary.org/obo/TO_0000490>	"seed protein composition trait"	<http://purl.obolibrary.org/obo/TO_0000597>	"quality trait"
<http://purl.obolibrary.org/obo/TO_0000610>	"soluble to total protein ratio"	<http://purl.obolibrary.org/obo/TO_0000598>	"protein content"	<http://purl.obolibrary.org/obo/TO_0000277>	"biochemical trait"
<http://purl.obolibrary.org/obo/TO_0000611>	"malt-extract percentage"	<http://purl.obolibrary.org/obo/TO_0000281>	"metabolite content trait"	<http://purl.obolibrary.org/obo/TO_0000277>	"biochemical trait"
<http://purl.obolibrary.org/obo/TO_0000611>	"malt-extract percentage"	<http://purl.obolibrary.org/obo/TO_0000488>	"seed composition quality trait"	<http://purl.obolibrary.org/obo/TO_0000597>	"quality trait"
<http://purl.obolibrary.org/obo/TO_0000611>	"malt-extract percentage"	<http://purl.obolibrary.org/obo/TO_0000667>	"cooking or brewing quality"	<http://purl.obolibrary.org/obo/TO_0000597>	"quality trait"
<http://purl.obolibrary.org/obo/TO_0000613>	"groat percentage"	<http://purl.obolibrary.org/obo/TO_0000371>	"yield trait"	<http://purl.obolibrary.org/obo/TO_0000371>	"yield trait"
<http://purl.obolibrary.org/obo/TO_0000613>	"groat percentage"	<http://purl.obolibrary.org/obo/TO_0002728>	"fruit quality trait"	<http://purl.obolibrary.org/obo/TO_0000597>	"quality trait"
<http://purl.obolibrary.org/obo/TO_0000619>	"vivipary"	<http://purl.obolibrary.org/obo/TO_0000166>	"gibberellic acid sensitivity"	<http://purl.obolibrary.org/obo/TO_0000164>	"stress trait"
<http://purl.obolibrary.org/obo/TO_0000619>	"vivipary"	<http://purl.obolibrary.org/obo/TO_0000615>	"abscisic acid sensitivity"	<http://purl.obolibrary.org/obo/TO_0000164>	"stress trait"
<http://purl.obolibrary.org/obo/TO_0000619>	"vivipary"	<http://purl.obolibrary.org/obo/TO_0000620>	"plant embryo development trait"	<http://purl.obolibrary.org/obo/TO_0000357>	"plant growth and development trait"
<http://purl.obolibrary.org/obo/TO_0000623>	"involucre bristle length"	<http://purl.obolibrary.org/obo/TO_0000643>	"inflorescence bristle length"	<http://purl.obolibrary.org/obo/TO_0000017>	"plant morphology trait"
<http://purl.obolibrary.org/obo/TO_0000623>	"involucre bristle length"	<http://purl.obolibrary.org/obo/TO_0000979>	"involucre morphology trait"	<http://purl.obolibrary.org/obo/TO_0000017>	"plant morphology trait"
<http://purl.obolibrary.org/obo/TO_0000626>	"relative phosphorus distribution between shoot and root"	<http://purl.obolibrary.org/obo/TO_0000102>	"phosphorus sensitivity"	<http://purl.obolibrary.org/obo/TO_0000164>	"stress trait"
<http://purl.obolibrary.org/obo/TO_0000626>	"relative phosphorus distribution between shoot and root"	<http://purl.obolibrary.org/obo/TO_0001024>	"phosphorus content"	<http://purl.obolibrary.org/obo/TO_0000277>	"biochemical trait"
<http://purl.obolibrary.org/obo/TO_0000629>	"days to tassel"	<http://purl.obolibrary.org/obo/TO_0000344>	"days to flowering trait"	<http://purl.obolibrary.org/obo/TO_0000357>	"plant growth and development trait"
<http://purl.obolibrary.org/obo/TO_0000629>	"days to tassel"	<http://purl.obolibrary.org/obo/TO_0000365>	"male flowering"	<http://purl.obolibrary.org/obo/TO_0000357>	"plant growth and development trait"
<http://purl.obolibrary.org/obo/TO_0000639>	"seed fertility"	<http://purl.obolibrary.org/obo/TO_0000420>	"fertility related trait"	<http://purl.obolibrary.org/obo/TO_0000392>	"sterility or fertility trait"
<http://purl.obolibrary.org/obo/TO_0000639>	"seed fertility"	<http://purl.obolibrary.org/obo/TO_0000931>	"seed quality trait"	<http://purl.obolibrary.org/obo/TO_0000597>	"quality trait"
<http://purl.obolibrary.org/obo/TO_0000645>	"relative phosphorus concentration"	<http://purl.obolibrary.org/obo/TO_0000102>	"phosphorus sensitivity"	<http://purl.obolibrary.org/obo/TO_0000164>	"stress trait"
<http://purl.obolibrary.org/obo/TO_0000645>	"relative phosphorus concentration"	<http://purl.obolibrary.org/obo/TO_0001024>	"phosphorus content"	<http://purl.obolibrary.org/obo/TO_0000277>	"biochemical trait"
<http://purl.obolibrary.org/obo/TO_0000650>	"lemma length"	<http://purl.obolibrary.org/obo/TO_0000817>	"inflorescence bract length"	<http://purl.obolibrary.org/obo/TO_0000017>	"plant morphology trait"
<http://purl.obolibrary.org/obo/TO_0000650>	"lemma length"	<http://purl.obolibrary.org/obo/TO_1000023>	"lemma morphology trait"	<http://purl.obolibrary.org/obo/TO_0000017>	"plant morphology trait"
<http://purl.obolibrary.org/obo/TO_0000658>	"days to silk"	<http://purl.obolibrary.org/obo/TO_0000344>	"days to flowering trait"	<http://purl.obolibrary.org/obo/TO_0000357>	"plant growth and development trait"
<http://purl.obolibrary.org/obo/TO_0000658>	"days to silk"	<http://purl.obolibrary.org/obo/TO_0000359>	"female flowering"	<http://purl.obolibrary.org/obo/TO_0000357>	"plant growth and development trait"
<http://purl.obolibrary.org/obo/TO_0000687>	"kernel row number per ear"	<http://purl.obolibrary.org/obo/TO_0000936>	"infructescence yield trait"	<http://purl.obolibrary.org/obo/TO_0000371>	"yield trait"
<http://purl.obolibrary.org/obo/TO_0000687>	"kernel row number per ear"	<http://purl.obolibrary.org/obo/TO_0000976>	"ear infructescence morphology trait"	<http://purl.obolibrary.org/obo/TO_0000017>	"plant morphology trait"
<http://purl.obolibrary.org/obo/TO_0000696>	"starch content"	<http://purl.obolibrary.org/obo/TO_0000489>	"carbohydrate composition related trait"	<http://purl.obolibrary.org/obo/TO_0000597>	"quality trait"
<http://purl.obolibrary.org/obo/TO_0000696>	"starch content"	<http://purl.obolibrary.org/obo/TO_0006007>	"polysaccharide content"	<http://purl.obolibrary.org/obo/TO_0000277>	"biochemical trait"
<http://purl.obolibrary.org/obo/TO_0000697>	"starch yield"	<http://purl.obolibrary.org/obo/TO_0000162>	"grain quality trait"	<http://purl.obolibrary.org/obo/TO_0000597>	"quality trait"
<http://purl.obolibrary.org/obo/TO_0000697>	"starch yield"	<http://purl.obolibrary.org/obo/TO_0000291>	"carbohydrate content"	<http://purl.obolibrary.org/obo/TO_0000277>	"biochemical trait"
<http://purl.obolibrary.org/obo/TO_0000697>	"starch yield"	<http://purl.obolibrary.org/obo/TO_0000371>	"yield trait"	<http://purl.obolibrary.org/obo/TO_0000371>	"yield trait"
<http://purl.obolibrary.org/obo/TO_0000707>	"pericarp color"	<http://purl.obolibrary.org/obo/TO_0000945>	"pericarp morphology trait"	<http://purl.obolibrary.org/obo/TO_0000017>	"plant morphology trait"
<http://purl.obolibrary.org/obo/TO_0000707>	"pericarp color"	<http://purl.obolibrary.org/obo/TO_0002728>	"fruit quality trait"	<http://purl.obolibrary.org/obo/TO_0000597>	"quality trait"
<http://purl.obolibrary.org/obo/TO_0000710>	"globulin protein content"	<http://purl.obolibrary.org/obo/TO_0000325>	"soluble protein content"	<http://purl.obolibrary.org/obo/TO_0000277>	"biochemical trait"
<http://purl.obolibrary.org/obo/TO_0000710>	"globulin protein content"	<http://purl.obolibrary.org/obo/TO_0000587>	"endosperm quality"	<http://purl.obolibrary.org/obo/TO_0000597>	"quality trait"
<http://purl.obolibrary.org/obo/TO_0000713>	"brittle endosperm"	<http://purl.obolibrary.org/obo/TO_0000575>	"endosperm morphology trait"	<http://purl.obolibrary.org/obo/TO_0000017>	"plant morphology trait"
<http://purl.obolibrary.org/obo/TO_0000713>	"brittle endosperm"	<http://purl.obolibrary.org/obo/TO_0000587>	"endosperm quality"	<http://purl.obolibrary.org/obo/TO_0000597>	"quality trait"
<http://purl.obolibrary.org/obo/TO_0000716>	"etched endosperm"	<http://purl.obolibrary.org/obo/TO_0000575>	"endosperm morphology trait"	<http://purl.obolibrary.org/obo/TO_0000017>	"plant morphology trait"
<http://purl.obolibrary.org/obo/TO_0000716>	"etched endosperm"	<http://purl.obolibrary.org/obo/TO_0000587>	"endosperm quality"	<http://purl.obolibrary.org/obo/TO_0000597>	"quality trait"
<http://purl.obolibrary.org/obo/TO_0000717>	"rough endosperm"	<http://purl.obolibrary.org/obo/TO_0000575>	"endosperm morphology trait"	<http://purl.obolibrary.org/obo/TO_0000017>	"plant morphology trait"
<http://purl.obolibrary.org/obo/TO_0000717>	"rough endosperm"	<http://purl.obolibrary.org/obo/TO_0000587>	"endosperm quality"	<http://purl.obolibrary.org/obo/TO_0000597>	"quality trait"
<http://purl.obolibrary.org/obo/TO_0000907>	"exocarp thickness"	<http://purl.obolibrary.org/obo/TO_0000906>	"exocarp morphology trait"	<http://purl.obolibrary.org/obo/TO_0000017>	"plant morphology trait"
<http://purl.obolibrary.org/obo/TO_0000907>	"exocarp thickness"	<http://purl.obolibrary.org/obo/TO_0002728>	"fruit quality trait"	<http://purl.obolibrary.org/obo/TO_0000597>	"quality trait"
<http://purl.obolibrary.org/obo/TO_0000908>	"fruit hollowness"	<http://purl.obolibrary.org/obo/TO_0002629>	"fruit morphology trait"	<http://purl.obolibrary.org/obo/TO_0000017>	"plant morphology trait"
<http://purl.obolibrary.org/obo/TO_0000908>	"fruit hollowness"	<http://purl.obolibrary.org/obo/TO_0002728>	"fruit quality trait"	<http://purl.obolibrary.org/obo/TO_0000597>	"quality trait"
<http://purl.obolibrary.org/obo/TO_0000909>	"fruit color uniformity"	<http://purl.obolibrary.org/obo/TO_0002617>	"fruit color"	<http://purl.obolibrary.org/obo/TO_0000017>	"plant morphology trait"
<http://purl.obolibrary.org/obo/TO_0000909>	"fruit color uniformity"	<http://purl.obolibrary.org/obo/TO_0002728>	"fruit quality trait"	<http://purl.obolibrary.org/obo/TO_0000597>	"quality trait"
<http://purl.obolibrary.org/obo/TO_0000923>	"ear weight"	<http://purl.obolibrary.org/obo/TO_0000583>	"infructescence weight"	<http://purl.obolibrary.org/obo/TO_0000017>	"plant morphology trait"
<http://purl.obolibrary.org/obo/TO_0000923>	"ear weight"	<http://purl.obolibrary.org/obo/TO_0000976>	"ear infructescence morphology trait"	<http://purl.obolibrary.org/obo/TO_0000017>	"plant morphology trait"
<http://purl.obolibrary.org/obo/TO_0000934>	"photoperiod-sensitive flowering time trait"	<http://purl.obolibrary.org/obo/TO_0000229>	"photoperiod sensitivity trait"	<http://purl.obolibrary.org/obo/TO_0000164>	"stress trait"
<http://purl.obolibrary.org/obo/TO_0000934>	"photoperiod-sensitive flowering time trait"	<http://purl.obolibrary.org/obo/TO_0002616>	"flowering time trait"	<http://purl.obolibrary.org/obo/TO_0000357>	"plant growth and development trait"
<http://purl.obolibrary.org/obo/TO_0000970>	"panicle density"	<http://purl.obolibrary.org/obo/TO_0000800>	"inflorescence density"	<http://purl.obolibrary.org/obo/TO_0000017>	"plant morphology trait"
<http://purl.obolibrary.org/obo/TO_0000970>	"panicle density"	<http://purl.obolibrary.org/obo/TO_0000847>	"panicle morphology trait"	<http://purl.obolibrary.org/obo/TO_0000017>	"plant morphology trait"
<http://purl.obolibrary.org/obo/TO_0002623>	"pericarp texture"	<http://purl.obolibrary.org/obo/TO_0000945>	"pericarp morphology trait"	<http://purl.obolibrary.org/obo/TO_0000017>	"plant morphology trait"
<http://purl.obolibrary.org/obo/TO_0002623>	"pericarp texture"	<http://purl.obolibrary.org/obo/TO_0002728>	"fruit quality trait"	<http://purl.obolibrary.org/obo/TO_0000597>	"quality trait"
<http://purl.obolibrary.org/obo/TO_0002632>	"fruit abscission zone size"	<http://purl.obolibrary.org/obo/TO_0002629>	"fruit morphology trait"	<http://purl.obolibrary.org/obo/TO_0000017>	"plant morphology trait"
<http://purl.obolibrary.org/obo/TO_0002632>	"fruit abscission zone size"	<http://purl.obolibrary.org/obo/TO_0002729>	"fruit senescing quality trait"	<http://purl.obolibrary.org/obo/TO_0000597>	"quality trait"
<http://purl.obolibrary.org/obo/TO_0002633>	"fruit ripening trait"	<http://purl.obolibrary.org/obo/TO_0000283>	"biological process trait"	<http://purl.obolibrary.org/obo/TO_0000283>	"biological process trait"
<http://purl.obolibrary.org/obo/TO_0002633>	"fruit ripening trait"	<http://purl.obolibrary.org/obo/TO_0000929>	"fruit growth and development trait"	<http://purl.obolibrary.org/obo/TO_0000357>	"plant growth and development trait"
<http://purl.obolibrary.org/obo/TO_0002633>	"fruit ripening trait"	<http://purl.obolibrary.org/obo/TO_0002728>	"fruit quality trait"	<http://purl.obolibrary.org/obo/TO_0000597>	"quality trait"
<http://purl.obolibrary.org/obo/TO_0002638>	"shoot meristem development"	<http://purl.obolibrary.org/obo/TO_0000654>	"shoot system growth and development trait"	<http://purl.obolibrary.org/obo/TO_0000357>	"plant growth and development trait"
<http://purl.obolibrary.org/obo/TO_0002638>	"shoot meristem development"	<http://purl.obolibrary.org/obo/TO_0006016>	"meristem tissue development trait"	<http://purl.obolibrary.org/obo/TO_0000357>	"plant growth and development trait"
<http://purl.obolibrary.org/obo/TO_0002645>	"malt tenderness"	<http://purl.obolibrary.org/obo/TO_0000667>	"cooking or brewing quality"	<http://purl.obolibrary.org/obo/TO_0000597>	"quality trait"
<http://purl.obolibrary.org/obo/TO_0002645>	"malt tenderness"	<http://purl.obolibrary.org/obo/TO_0000685>	"fruit tenderness"	<http://purl.obolibrary.org/obo/TO_0000597>	"quality trait"
<http://purl.obolibrary.org/obo/TO_0002653>	"endosperm storage protein content"	<http://purl.obolibrary.org/obo/TO_0000490>	"seed protein composition trait"	<http://purl.obolibrary.org/obo/TO_0000597>	"quality trait"
<http://purl.obolibrary.org/obo/TO_0002653>	"endosperm storage protein content"	<http://purl.obolibrary.org/obo/TO_0000598>	"protein content"	<http://purl.obolibrary.org/obo/TO_0000277>	"biochemical trait"
<http://purl.obolibrary.org/obo/TO_0002659>	"pistil number"	<http://purl.obolibrary.org/obo/TO_0000223>	"pistil morphology trait"	<http://purl.obolibrary.org/obo/TO_0000017>	"plant morphology trait"
<http://purl.obolibrary.org/obo/TO_0002659>	"pistil number"	<http://purl.obolibrary.org/obo/TO_0002613>	"reproductive homeotic development trait"	<http://purl.obolibrary.org/obo/TO_0000357>	"plant growth and development trait"
<http://purl.obolibrary.org/obo/TO_0002659>	"pistil number"	<http://purl.obolibrary.org/obo/TO_0006022>	"floral organ development trait"	<http://purl.obolibrary.org/obo/TO_0000357>	"plant growth and development trait"
<http://purl.obolibrary.org/obo/TO_0002678>	"panicleless"	<http://purl.obolibrary.org/obo/TO_0000152>	"panicle number"	<http://purl.obolibrary.org/obo/TO_0000017>	"plant morphology trait"
<http://purl.obolibrary.org/obo/TO_0002678>	"panicleless"	<http://purl.obolibrary.org/obo/TO_0002679>	"inflorescenceless"	<http://purl.obolibrary.org/obo/TO_0000357>	"plant growth and development trait"
<http://purl.obolibrary.org/obo/TO_0002678>	"panicleless"	<http://purl.obolibrary.org/obo/TO_0002679>	"inflorescenceless"	<http://purl.obolibrary.org/obo/TO_0000017>	"plant morphology trait"
<http://purl.obolibrary.org/obo/TO_0002692>	"root meristem development"	<http://purl.obolibrary.org/obo/TO_0000656>	"root development trait"	<http://purl.obolibrary.org/obo/TO_0000357>	"plant growth and development trait"
<http://purl.obolibrary.org/obo/TO_0002692>	"root meristem development"	<http://purl.obolibrary.org/obo/TO_0006016>	"meristem tissue development trait"	<http://purl.obolibrary.org/obo/TO_0000357>	"plant growth and development trait"
<http://purl.obolibrary.org/obo/TO_0002703>	"protist disease resistance"	<http://purl.obolibrary.org/obo/TO_0000112>	"disease resistance"	<http://purl.obolibrary.org/obo/TO_0000164>	"stress trait"
<http://purl.obolibrary.org/obo/TO_0002703>	"protist disease resistance"	<http://purl.obolibrary.org/obo/TO_0000242>	"microbial damage resistance"	<http://purl.obolibrary.org/obo/TO_0000164>	"stress trait"
<http://purl.obolibrary.org/obo/TO_0002714>	"plastid development trait"	<http://purl.obolibrary.org/obo/TO_0002713>	"cell organelle morphology trait"	<http://purl.obolibrary.org/obo/TO_0000017>	"plant morphology trait"
<http://purl.obolibrary.org/obo/TO_0002714>	"plastid development trait"	<http://purl.obolibrary.org/obo/TO_0002755>	"cell organelle development trait"	<http://purl.obolibrary.org/obo/TO_0000357>	"plant growth and development trait"
<http://purl.obolibrary.org/obo/TO_0002741>	"grain surface area"	<http://purl.obolibrary.org/obo/TO_0002728>	"fruit quality trait"	<http://purl.obolibrary.org/obo/TO_0000597>	"quality trait"
<http://purl.obolibrary.org/obo/TO_0002741>	"grain surface area"	<http://purl.obolibrary.org/obo/TO_0002739>	"fruit surface area"	<http://purl.obolibrary.org/obo/TO_0000597>	"quality trait"
<http://purl.obolibrary.org/obo/TO_0006010>	"lodicule number"	<http://purl.obolibrary.org/obo/TO_0002613>	"reproductive homeotic development trait"	<http://purl.obolibrary.org/obo/TO_0000357>	"plant growth and development trait"
<http://purl.obolibrary.org/obo/TO_0006010>	"lodicule number"	<http://purl.obolibrary.org/obo/TO_0006009>	"lodicule morphology trait"	<http://purl.obolibrary.org/obo/TO_0000017>	"plant morphology trait"
<http://purl.obolibrary.org/obo/TO_0006010>	"lodicule number"	<http://purl.obolibrary.org/obo/TO_0006023>	"lodicule development trait"	<http://purl.obolibrary.org/obo/TO_0000357>	"plant growth and development trait"
<http://purl.obolibrary.org/obo/TO_0006024>	"ectopic lodicule development"	<http://purl.obolibrary.org/obo/TO_0002613>	"reproductive homeotic development trait"	<http://purl.obolibrary.org/obo/TO_0000357>	"plant growth and development trait"
<http://purl.obolibrary.org/obo/TO_0006024>	"ectopic lodicule development"	<http://purl.obolibrary.org/obo/TO_0006023>	"lodicule development trait"	<http://purl.obolibrary.org/obo/TO_0000357>	"plant growth and development trait"
<http://purl.obolibrary.org/obo/TO_0006030>	"spikelet meristem identity"	<http://purl.obolibrary.org/obo/TO_0000621>	"inflorescence development trait"	<http://purl.obolibrary.org/obo/TO_0000357>	"plant growth and development trait"
<http://purl.obolibrary.org/obo/TO_0006030>	"spikelet meristem identity"	<http://purl.obolibrary.org/obo/TO_0002638>	"shoot meristem development"	<http://purl.obolibrary.org/obo/TO_0000357>	"plant growth and development trait"
<http://purl.obolibrary.org/obo/TO_0006030>	"spikelet meristem identity"	<http://purl.obolibrary.org/obo/TO_0006017>	"meristem identity"	<http://purl.obolibrary.org/obo/TO_0000357>	"plant growth and development trait"
<http://purl.obolibrary.org/obo/TO_0006068>	"germinability in dark"	<http://purl.obolibrary.org/obo/TO_0000653>	"seed growth and development trait"	<http://purl.obolibrary.org/obo/TO_0000357>	"plant growth and development trait"
<http://purl.obolibrary.org/obo/TO_0006068>	"germinability in dark"	<http://purl.obolibrary.org/obo/TO_0000931>	"seed quality trait"	<http://purl.obolibrary.org/obo/TO_0000597>	"quality trait"
<http://purl.obolibrary.org/obo/TO_0006069>	"DSDS50"	<http://purl.obolibrary.org/obo/TO_0000931>	"seed quality trait"	<http://purl.obolibrary.org/obo/TO_0000597>	"quality trait"
<http://purl.obolibrary.org/obo/TO_0006069>	"DSDS50"	<http://purl.obolibrary.org/obo/TO_0000933>	"plant phenological trait"	<http://purl.obolibrary.org/obo/TO_0000357>	"plant growth and development trait"
<http://purl.obolibrary.org/obo/TO_0020021>	"basal axillary tertiary branch number"	<http://purl.obolibrary.org/obo/TO_0020018>	"tertiary shoot branch number"	<http://purl.obolibrary.org/obo/TO_0000017>	"plant morphology trait"
<http://purl.obolibrary.org/obo/TO_0020021>	"basal axillary tertiary branch number"	<http://purl.obolibrary.org/obo/TO_0020024>	"basal axillary branch number"	<http://purl.obolibrary.org/obo/TO_0000017>	"plant morphology trait"
<http://purl.obolibrary.org/obo/TO_0020022>	"basal axillary secondary branch number"	<http://purl.obolibrary.org/obo/TO_0020019>	"secondary shoot branch number"	<http://purl.obolibrary.org/obo/TO_0000017>	"plant morphology trait"
<http://purl.obolibrary.org/obo/TO_0020022>	"basal axillary secondary branch number"	<http://purl.obolibrary.org/obo/TO_0020024>	"basal axillary branch number"	<http://purl.obolibrary.org/obo/TO_0000017>	"plant morphology trait"
<http://purl.obolibrary.org/obo/TO_0020023>	"basal axillary primary branch number"	<http://purl.obolibrary.org/obo/TO_0020020>	"primary shoot branch number"	<http://purl.obolibrary.org/obo/TO_0000017>	"plant morphology trait"
<http://purl.obolibrary.org/obo/TO_0020023>	"basal axillary primary branch number"	<http://purl.obolibrary.org/obo/TO_0020024>	"basal axillary branch number"	<http://purl.obolibrary.org/obo/TO_0000017>	"plant morphology trait"
<http://purl.obolibrary.org/obo/TO_0020025>	"apical axillary tertiary branch number"	<http://purl.obolibrary.org/obo/TO_0020018>	"tertiary shoot branch number"	<http://purl.obolibrary.org/obo/TO_0000017>	"plant morphology trait"
<http://purl.obolibrary.org/obo/TO_0020025>	"apical axillary tertiary branch number"	<http://purl.obolibrary.org/obo/TO_0020028>	"apical axillary branch number"	<http://purl.obolibrary.org/obo/TO_0000017>	"plant morphology trait"
<http://purl.obolibrary.org/obo/TO_0020026>	"apical axillary secondary branch number"	<http://purl.obolibrary.org/obo/TO_0020019>	"secondary shoot branch number"	<http://purl.obolibrary.org/obo/TO_0000017>	"plant morphology trait"
<http://purl.obolibrary.org/obo/TO_0020026>	"apical axillary secondary branch number"	<http://purl.obolibrary.org/obo/TO_0020028>	"apical axillary branch number"	<http://purl.obolibrary.org/obo/TO_0000017>	"plant morphology trait"
<http://purl.obolibrary.org/obo/TO_0020027>	"apical axillary primary branch number"	<http://purl.obolibrary.org/obo/TO_0020020>	"primary shoot branch number"	<http://purl.obolibrary.org/obo/TO_0000017>	"plant morphology trait"
<http://purl.obolibrary.org/obo/TO_0020027>	"apical axillary primary branch number"	<http://purl.obolibrary.org/obo/TO_0020028>	"apical axillary branch number"	<http://purl.obolibrary.org/obo/TO_0000017>	"plant morphology trait"
<http://purl.obolibrary.org/obo/TO_0020072>	"residual beta-glucanase activity trait"	<http://purl.obolibrary.org/obo/TO_0000597>	"quality trait"	<http://purl.obolibrary.org/obo/TO_0000597>	"quality trait"
<http://purl.obolibrary.org/obo/TO_0020072>	"residual beta-glucanase activity trait"	<http://purl.obolibrary.org/obo/TO_0020070>	"beta-glucanase activity trait"	<http://purl.obolibrary.org/obo/TO_0000277>	"biochemical trait"
<http://purl.obolibrary.org/obo/TO_0020073>	"barley wort protein concentration"	<http://purl.obolibrary.org/obo/TO_0000597>	"quality trait"	<http://purl.obolibrary.org/obo/TO_0000597>	"quality trait"
<http://purl.obolibrary.org/obo/TO_0020073>	"barley wort protein concentration"	<http://purl.obolibrary.org/obo/TO_0000598>	"protein content"	<http://purl.obolibrary.org/obo/TO_0000277>	"biochemical trait"
<http://purl.obolibrary.org/obo/TO_0020109>	"vascular bundle development trait"	<http://purl.obolibrary.org/obo/TO_0000470>	"vascular tissue morphology trait"	<http://purl.obolibrary.org/obo/TO_0000017>	"plant morphology trait"
<http://purl.obolibrary.org/obo/TO_0020109>	"vascular bundle development trait"	<http://purl.obolibrary.org/obo/TO_0006015>	"plant tissue development trait"	<http://purl.obolibrary.org/obo/TO_0000357>	"plant growth and development trait"
